"Nama[Wajib],Email[Wajib],No.hp[Wajib],jk,tanggal_lahir [YYYY-MM-DD],alamat,nik"
"ismail,ismail@email.com,083136245441,L,1986-07-28,Jl.Bitoa lama,7370000900090"
"ismail,ismail@email.com,083136245442,L,1986-07-28,Jl.Bitoa lama,"
"ismail,ismail@email.com,083136245443,L,1986-07-28,,7370000900090"
"ismail,ismail@email.com,083136245444,L,1986-07-28,Jl.Bitoa lama,7370000900090"
"ismail,ismail@email.com,083136245445,L,1986-07-28,Jl.Bitoa lama,7370000900090"
"ismail,ismail@email.com,083136245446,L,1986-07-28,Jl.Bitoa lama,7370000900090"
"ismail,ismail@email.com,083136245447,L,1986-07-28,Jl.Bitoa lama,7370000900090"
"ismail,ismail@email.com,083136245448,L,1986-07-28,Jl.Bitoa lama,7370000900090"
"ismail,ismail@email.com,083136245449,L,1986-07-28,Jl.Bitoa lama,7370000900090"
"ismail,ismail@email.com,083136245450,L,1986-07-28,Jl.Bitoa lama,7370000900090"
